Workbook

Sheet 00_읽는법
A1: NodeLab 요금제·원가·마진 (변희웅 전달용)
A2: 작성 2026-09-02 · 환율·단가·토큰 가정은 노란 칸만 바꾸면 아래 시트가 따라감. 파란 글씨 = 입력값, 검정 = 계산.
A4: 항목 | B4: 내용
A5: 이 파일이 답하는 질문 | B5: 9900/29900을 팔 때, 손풀이·변형을 얼마나 해도 AI 원가가 구독료를 안 뚫는가.
A6: 모델 | B6: Gemini 3.7 Flash = OCR/CAT/필요 시 블라인드 검산. Muse Spark 1.2 Contributor = 텍스트 출제·힌트. SymPy = 0원 계산.
A7: Contributor란 | B7: Spark와 성능·멀티모달 동일. 프롬프트/답을 Meta 학습에 제공할 수 있어서 가격만 쌈 ($0.10/$0.20). 손글씨·시험지 원본은 Contributor에 넣지 않음 → Gemini.
A8: OpenCode 무료 | B8: 지금은 0원일 수 있음. 시뮬은 정가 Contributor로 봄. 공짜에 가격 맞추지 말 것.
A9: 장 vs 문항 | B9: PDF 분할 = 장당. 손풀이 OCR·CAT·변형 = 문항/클릭당. 파일 하나로 퉁치지 말 것.
A10: 요금제 초안 | B10: Free: 비회원 3 + 가입 후 하루 10. 9900: 월 학습 문항 200 전후 + 변형 소수. 29900: 응용·기출·모의 출제 무제한에 가깝게.

Sheet 01_입력값
A1: 01 입력값 (노란 칸만 수정)
A3: 환율 KRW/USD | B3: 1400 | C3: 희웅 엑셀 C4와 맞출 것
A5: 모델 정가 (USD / 1M tokens)
A6: 모델 | B6: 역할 | C6: Input USD/1M | D6: Output USD/1M | E6: 출처
A7: Gemini 3.7 Flash | B7: OCR·CAT·블라인드 검산 | C7: 0.75 | D7: 3.75 | E7: https://ai.google.dev/gemini-api/docs/pricing
A8: Muse Spark 1.2 Contributor | B8: 힌트·변형 텍스트 생성 | C8: 0.1 | D8: 0.2 | E8: https://developer.meta.com/ai/models/muse-spark/
A9: Muse Spark 1.2 Standard (참고) | B9: 학습 거부 티어. 시뮬 기본 아님 | C9: 1.25 | D9: 4.25 | E9: 같은 페이지. 성능 동일, 데이터 비공유
A10: SymPy | B10: 수식 검산 | C10: 0 | D10: 0 | E10: 로컬 CPU
A12: 행동별 가정 토큰 (실측 전)
A13: 행동 | B13: 모델 | C13: 단위 | D13: Input tok | E13: Output tok | F13: 비고
A14: PDF 1쪽 분할 | B14: Gemini | C14: 장 | D14: 258 | E14: 400 | F14: 페이지≈이미지 토큰. 공식 가이드 약 258tok/쪽
A15: 손풀이 OCR+CAT | B15: Gemini | C15: 문항 | D15: 4000 | E15: 1000 | F15: 이미지+지문. ADR-019 가정
A16: 힌트·개념 3줄 | B16: Spark Contributor | C16: 문항 | D16: 1500 | E16: 400 | F16: 손글씨 원문 넣지 않음
A17: 변형 1회 생성 | B17: Spark Contributor | C17: 회 | D17: 2000 | E17: 800 | F17: 숫자만 변경
A18: 변형 블라인드 검산 | B18: Gemini | C18: 회 | D18: 1000 | E18: 200 | F18: SymPy 실패·애매할 때만. 기본 시뮬은 20%만 탐
A19: SymPy 검산 | B19: SymPy | C19: 회 | D19: 0 | E19: 0 | F19: 0원
A21: 검산 Gemini 호출 비율 | B21: 0.2 | C21: 변형 중 몇 %에 Gemini 블라인드를 붙일지. 나머지는 SymPy만.
A23: 요금제 가격·한도
A24: 플랜 | B24: 월 가격 KRW | C24: 월 학습 문항 한도 | D24: 문항당 변형 한도 | E24: 비고
A25: Free | B25: 0 | C25: 300 | D25: 3 | E25: 가입 후 하루 10 × 30일 상한. 비회원 3은 저장 없음
A26: Pro 9900 | B26: 9900 | C26: 200 | D26: 3 | E26: 일반 자습. 모의 무한 출제 없음
A27: Pro 29900 | B27: 29900 | E27: 응용·기출·모의 출제 무제한에 가깝게. 한도 없음=빈칸

Sheet 02_행동단가
A1: 02 행동 1회 원가 (01에서 계산)
A2: 원/1M = USD/1M × 환율. 행동원가 = in/1e6×in단가×환율 + out/1e6×out단가×환율
A4: 행동 | B4: 모델 | C4: Input tok | D4: Output tok | E4: 원가 KRW
A5: ='01_입력값'!A14 | B5: ='01_입력값'!B14 | C5: ='01_입력값'!D14 | D5: ='01_입력값'!E14 | E5: =IF(B5="SymPy",0, IF(ISNUMBER(SEARCH("Gemini",B5)), C5/1000000*'01_입력값'!$B$7*'01_입력값'!$B$3 + D5/1000000*'01_입력값'!$C$7*'01_입력값'!$B$3, C5/1000000*'01_입력값'!$B$8*'01_입력값'!$B$3 + D5/1000000*'01_입력값'!$C$8*'01_입력값'!$B$3))
A6: ='01_입력값'!A15 | B6: ='01_입력값'!B15 | C6: ='01_입력값'!D15 | D6: ='01_입력값'!E15 | E6: =IF(B6="SymPy",0, IF(ISNUMBER(SEARCH("Gemini",B6)), C6/1000000*'01_입력값'!$B$7*'01_입력값'!$B$3 + D6/1000000*'01_입력값'!$C$7*'01_입력값'!$B$3, C6/1000000*'01_입력값'!$B$8*'01_입력값'!$B$3 + D6/1000000*'01_입력값'!$C$8*'01_입력값'!$B$3))
A7: ='01_입력값'!A16 | B7: ='01_입력값'!B16 | C7: ='01_입력값'!D16 | D7: ='01_입력값'!E16 | E7: =IF(B7="SymPy",0, IF(ISNUMBER(SEARCH("Gemini",B7)), C7/1000000*'01_입력값'!$B$7*'01_입력값'!$B$3 + D7/1000000*'01_입력값'!$C$7*'01_입력값'!$B$3, C7/1000000*'01_입력값'!$B$8*'01_입력값'!$B$3 + D7/1000000*'01_입력값'!$C$8*'01_입력값'!$B$3))
A8: ='01_입력값'!A17 | B8: ='01_입력값'!B17 | C8: ='01_입력값'!D17 | D8: ='01_입력값'!E17 | E8: =IF(B8="SymPy",0, IF(ISNUMBER(SEARCH("Gemini",B8)), C8/1000000*'01_입력값'!$B$7*'01_입력값'!$B$3 + D8/1000000*'01_입력값'!$C$7*'01_입력값'!$B$3, C8/1000000*'01_입력값'!$B$8*'01_입력값'!$B$3 + D8/1000000*'01_입력값'!$C$8*'01_입력값'!$B$3))
A9: ='01_입력값'!A18 | B9: ='01_입력값'!B18 | C9: ='01_입력값'!D18 | D9: ='01_입력값'!E18 | E9: =IF(B9="SymPy",0, IF(ISNUMBER(SEARCH("Gemini",B9)), C9/1000000*'01_입력값'!$B$7*'01_입력값'!$B$3 + D9/1000000*'01_입력값'!$C$7*'01_입력값'!$B$3, C9/1000000*'01_입력값'!$B$8*'01_입력값'!$B$3 + D9/1000000*'01_입력값'!$C$8*'01_입력값'!$B$3))
A10: ='01_입력값'!A19 | B10: ='01_입력값'!B19 | C10: ='01_입력값'!D19 | D10: ='01_입력값'!E19 | E10: =IF(B10="SymPy",0, IF(ISNUMBER(SEARCH("Gemini",B10)), C10/1000000*'01_입력값'!$B$7*'01_입력값'!$B$3 + D10/1000000*'01_입력값'!$C$7*'01_입력값'!$B$3, C10/1000000*'01_입력값'!$B$8*'01_입력값'!$B$3 + D10/1000000*'01_입력값'!$C$8*'01_입력값'!$B$3))
A12: 묶음 단가 (시뮬에 쓰는 것)
A13: 묶음 | B13: 구성 | C13: 원가 KRW
A14: 손풀이 1회 | B14: OCR+CAT (Gemini) | C14: =E6
A15: 변형 1회 (싸게) | B15: Spark 생성 + SymPy. Gemini 검산 없음 | C15: =E8+E10
A16: 변형 1회 (검산 포함 기대값) | B16: 생성 + SymPy + Gemini×검산비율 | C16: =E8+E10+E9*'01_입력값'!B21
A17: 손풀이+변형1 (기대값) | B17: 자습 한 칸의 대표 원가 | C17: =C14+C16

Sheet 03_사용자시나리오
A1: 03 월간 시나리오 × 마진 (매출 − AI 원가)
A2: 노란 칸 = 월 문항 수·PDF 쪽·변형 횟수. 원가는 02 묶음 단가 참조.
A4: 시나리오 | B4: 플랜 | C4: 월 매출 | D4: 손풀이 횟수 | E4: 변형 횟수 | F4: PDF 쪽 수 | G4: 월 AI 원가 | H4: 마진 원 | I4: 마진율
A5: Free 일반 | B5: Free | C5: ='01_입력값'!B25 | D5: 40 | E5: 10 | F5: 10 | G5: =D5*'02_행동단가'!C14+E5*'02_행동단가'!C16+F5*'02_행동단가'!E5 | H5: =C5-G5 | I5: =IF(C5=0,"n/a",H5/C5)
A6: Free 상한 (하루10×30) | B6: Free | C6: ='01_입력값'!B25 | D6: 300 | E6: 50 | F6: 30 | G6: =D6*'02_행동단가'!C14+E6*'02_행동단가'!C16+F6*'02_행동단가'!E5 | H6: =C6-G6 | I6: =IF(C6=0,"n/a",H6/C6)
A7: 9900 Normal | B7: Pro 9900 | C7: ='01_입력값'!B26 | D7: 80 | E7: 40 | F7: 20 | G7: =D7*'02_행동단가'!C14+E7*'02_행동단가'!C16+F7*'02_행동단가'!E5 | H7: =C7-G7 | I7: =IF(C7=0,"n/a",H7/C7)
A8: 9900 한도200 | B8: Pro 9900 | C8: ='01_입력값'!B26 | D8: 200 | E8: 200 | F8: 40 | G8: =D8*'02_행동단가'!C14+E8*'02_행동단가'!C16+F8*'02_행동단가'!E5 | H8: =C8-G8 | I8: =IF(C8=0,"n/a",H8/C8)
A9: 29900 Heavy | B9: Pro 29900 | C9: ='01_입력값'!B27 | D9: 200 | E9: 400 | F9: 40 | G9: =D9*'02_행동단가'!C14+E9*'02_행동단가'!C16+F9*'02_행동단가'!E5 | H9: =C9-G9 | I9: =IF(C9=0,"n/a",H9/C9)
A10: 29900 Stress 출제 | B10: Pro 29900 | C10: ='01_입력값'!B27 | D10: 400 | E10: 800 | F10: 80 | G10: =D10*'02_행동단가'!C14+E10*'02_행동단가'!C16+F10*'02_행동단가'!E5 | H10: =C10-G10 | I10: =IF(C10=0,"n/a",H10/C10)
A12: 읽는 법: 9900 한도200이 물장사인지 보려면 8행. 29900은 변형을 많이 넣어도 매출이 3배라 마진율이 더 버팀. Free 매출 0이라 마진율 n/a, 원가 절대액만 보면 됨.

Sheet 04_전달메모
A1: 희웅 님께
A3: 1) Contributor는 성능 다운그레이드가 아닙니다. 같은 Spark 1.2이고 Meta가 프롬프트로 학습할 수 있어서 가격만 $0.10/$0.20입니다. 멀티모달(이미지·PDF)도 됩니다. 다만 학생 손풀이·수능 PDF는 Contributor에 넣지 말고 Gemini로만 OCR 합니다. 2) 어제 파이프라인: 출제=싼 텍스트 모델(지금은 Spark Contributor), 계산=파이썬 SymPy 0원, Gemini는 손풀이/애매한 검산만. 그래서 변형을 많이 내도 원가가 거의 안 뜹니다. 3) 9900은 월 200문항 전후 캡이 있는 일반 자습. 29900이 응용·모의 출제 무제한을 파는 자리입니다. 무제한 출제를 9900에 넣으면 안 됩니다. 4) OpenCode 무료 구간은 03시트 원가를 0으로 보지 마세요. 정가 Contributor로 의사결정 하고, 무료는 보너스입니다. 5) RPM 100(Contributor)은 분당 요청 한도입니다. MVP 동시접속에는 충분합니다.
