Workbook

Sheet 00_문서구조
A1: 토큰 이코노믹스 시뮬 문서 구조
A2: 노란 칸·파란 글씨만 입력. 검정은 공식. SoT: ADR-025 한도, Gemini/Spark Contributor 정가. OpenCode 무료는 넣지 않음.
A4: 시트 | B4: 역할
A5: 00_문서구조 | B5: 이 파일 읽는 법. 바=손풀이 월 한도. 대화 턴은 원가에만 넣고 바에서 안 깎음.
A6: 01_단가 | B6: 모델 in/out USD, 환율, 출처. 여기가 틀리면 전부 틀림.
A7: 02_행동원가 | B7: 유저 행동 1회 = 어느 모델 × 토큰 가정 → 원. 장당/문항당 구분.
A8: 03_플랜한도 | B8: 라이트/베이직/헤비 일·월 한도, 매출가. ADR-025.
A9: 04_시나리오 | B9: 상한 vs 평균 사용량 → 월 원가·마진율.
A10: 05_충전팩 | B10: 베이직·헤비 손풀이 20회 팩 원가 vs 권장 판매가. 라이트는 팩 없음.
A12: 원가 열은 계산값을 숫자로 넣어 둠. 01 단가/토큰을 바꾸면 02·04는 직접 다시 계산하거나 태희에게 리젠 요청.

Sheet 01_단가
A1: 01 모델 단가
A3: 환율 KRW/USD | B3: 1400 | C3: 희웅 시트와 맞출 것
A5: 모델 | B5: 역할 | C5: Input USD/1M | D5: Output USD/1M | E5: 원/1M in | F5: 원/1M out | G5: 출처
A6: Gemini 3.7 Flash | B6: OCR·CAT·애매 검산 | C6: 0.75 | D6: 3.75 | E6: 1050 | F6: 5250 | G6: https://ai.google.dev/gemini-api/docs/pricing
A7: Spark 1.2 Contributor | B7: 대화·응용 텍스트 생성 | C7: 0.1 | D7: 0.2 | E7: 140 | F7: 280 | G7: https://developer.meta.com/ai/models/muse-spark/
A8: SymPy | B8: 수식 검산 | C8: 0 | D8: 0 | E8: 0 | F8: 0 | G8: 로컬 0원
A10: Gemini 검산 비율 (응용 중 이 %만 Gemini 재풀이) | B10: 0.2
A12: 행동별 토큰 가정
A13: 행동 | B13: 모델행 | C13: 단위 | D13: in tok | E13: out tok | F13: 비고
A14: PDF 1쪽 분할 | B14: 6 | C14: 장 | D14: 258 | E14: 400 | F14: 페이지≈이미지
A15: 손풀이 OCR+CAT | B15: 6 | C15: 회 | D15: 4000 | E15: 1000 | F15: 크롭만. thinking 끄면 out 줄일 것
A16: 대화 1턴 텍스트 | B16: 7 | C16: 턴 | D16: 800 | E16: 400 | F16: 바에 안 넣음. 원가 장부용
A17: 응용 1회 생성 | B17: 7 | C17: 회 | D17: 2000 | E17: 800 | F17: 손글씨 원문 금지
A18: 응용 Gemini 검산 | B18: 6 | C18: 회 | D18: 1000 | E18: 200 | F18: B10 비율만 곱함
A19: SymPy | B19: 8 | C19: 회 | D19: 0 | E19: 0 | F19: 0원

Sheet 02_행동원가
A1: 02 행동 1회 원가
A3: 행동 | B3: 단위 | C3: in | D3: out | E3: 원가
A4: ='01_단가'!A14 | B4: ='01_단가'!C14 | C4: ='01_단가'!D14 | D4: ='01_단가'!E14 | E4: 2.37
A5: ='01_단가'!A15 | B5: ='01_단가'!C15 | C5: ='01_단가'!D15 | D5: ='01_단가'!E15 | E5: 9.45
A6: ='01_단가'!A16 | B6: ='01_단가'!C16 | C6: ='01_단가'!D16 | D6: ='01_단가'!E16 | E6: 0.22
A7: ='01_단가'!A17 | B7: ='01_단가'!C17 | C7: ='01_단가'!D17 | D7: ='01_단가'!E17 | E7: 0.5
A8: ='01_단가'!A18 | B8: ='01_단가'!C18 | C8: ='01_단가'!D18 | D8: ='01_단가'!E18 | E8: 2.1
A9: ='01_단가'!A19 | B9: ='01_단가'!C19 | C9: ='01_단가'!D19 | D9: ='01_단가'!E19 | E9: 0
A11: 묶음 | B11: 공식 | C11: 원
A12: 손풀이 1회 | B12: OCR+CAT | C12: 9.45
A13: 응용 1회 기대값 | B13: 생성+SymPy+검산×비율 | C13: 0.92
A14: 손풀이+응용1 | B14: 대표 자습 1칸 | C14: 10.37

Sheet 03_플랜한도
A1: 03 플랜 한도 (ADR-025)
A3: 플랜 | B3: 월 가격 | C3: 손풀이 월 | D3: 손풀이 일 | E3: 응용 월 | F3: 업로드 월 | G3: 저장
A4: 비회원 | B4: 0 | C4: 1 | D4: 1 | E4: 1 | F4: 3 | G4: 안 됨
A5: 라이트 | B5: 0 | C5: 150 | D5: 5 | E5: 150 | F5: 300 | G5: 됨
A6: 베이직 | B6: 9900 | C6: 600 | D6: 20 | E6: 900 | F6: 300 | G6: 됨
A7: 헤비 | B7: 29900 | C7: 1000 | E7: 1000 | F7: 1000 | G7: 됨
A9: 베이직 응용 월 900 = 업로드 300 × 문항당 3. 헤비 응용은 문항당 무제한이되 합 1,000.

Sheet 04_시나리오
A1: 04 시나리오 마진
A2: 노란 칸 = 그 시나리오에서 실제로 쓴 횟수. 한도를 넘기게 넣지 말 것.
A4: 시나리오 | B4: 플랜 | C4: 손풀이 | D4: 응용 | E4: PDF쪽 | F4: 대화턴 | G4: 매출 | H4: 원가 | I4: 마진 | J4: 마진율
A5: 비회원 1방문 | B5: 비회원 | C5: 1 | D5: 1 | E5: 3 | F5: 5 | G5: 0 | H5: 19 | I5: -19 | J5: n/a
A6: 라이트 상한 | B6: 라이트 | C6: 150 | D6: 150 | E6: 40 | F6: 200 | G6: 0 | H6: 1696 | I6: -1696 | J6: n/a
A7: 베이직 평균 | B7: 베이직 | C7: 120 | D7: 80 | E7: 30 | F7: 150 | G7: 9900 | H7: 1313 | I7: 8587 | J7: 0.86740939
A8: 베이직 상한 | B8: 베이직 | C8: 600 | D8: 900 | E8: 40 | F8: 400 | G8: 9900 | H8: 6686 | I8: 3214 | J8: 0.32464283
A9: 헤비 평균 | B9: 헤비 | C9: 250 | D9: 400 | E9: 50 | F9: 300 | G9: 29900 | H9: 2918 | I9: 26982 | J9: 0.90241321
A10: 헤비 상한 1000 | B10: 헤비 | C10: 1000 | D10: 1000 | E10: 80 | F10: 500 | G10: 29900 | H10: 10676 | I10: 19224 | J10: 0.64295411

Sheet 05_충전팩
A1: 05 충전 팩 (라이트 없음, 베이직·헤비만, 당월 소멸)
A3: 팩 | B3: 횟수 | C3: 원가 | D3: 권장 판매가 | E3: 메모
A4: 손풀이 20회 | B4: 20 | C4: 189 | D4: 2900 | E4: 원가의 10배 이상. 헤비 우회 안되게 비싸게
A5: 응용 50회 | B5: 50 | C5: 46.2 | D5: 1900 | E5: 당월 소멸
A7: 라이트는 팩 없음. 0%면 베이직 업셀. 팩은 구독 월과 같이 만료.
